{
  "model": "bge-m3",
  "N": 40,
  "NS": [
    2,
    3,
    5,
    8,
    10
  ],
  "aggregates": {
    "DIRECT": {
      "2": {
        "n": 40,
        "both": 6,
        "recall": 20.650000000000002,
        "noise": 29
      },
      "3": {
        "n": 40,
        "both": 14,
        "recall": 25.566666666666663,
        "noise": 55
      },
      "5": {
        "n": 40,
        "both": 21,
        "recall": 28.9,
        "noise": 128
      },
      "8": {
        "n": 40,
        "both": 28,
        "recall": 33.5,
        "noise": 236
      },
      "10": {
        "n": 40,
        "both": 40,
        "recall": 40,
        "noise": 300
      }
    },
    "GRAPH": {
      "2": {
        "n": 40,
        "both": 10,
        "recall": 22.9,
        "noise": 22
      },
      "3": {
        "n": 40,
        "both": 17,
        "recall": 27.23333333333333,
        "noise": 52
      },
      "5": {
        "n": 40,
        "both": 25,
        "recall": 31.666666666666664,
        "noise": 120
      },
      "8": {
        "n": 40,
        "both": 34,
        "recall": 37.166666666666664,
        "noise": 227
      },
      "10": {
        "n": 40,
        "both": 40,
        "recall": 40,
        "noise": 300
      }
    }
  }
}